P/DD,TPPip,LAP1300,BrkOutPip1300,ChanFactor1300,AnalysisMin1300,HourEnd1300
927.0707070707,100,90,140,160,840,20
923.4343434343,100,90,140,160,900,20
842.1150278293,100,100,200,160,360,18
746.3986599665,100,90,140,160,660,20
809.4717668488,100,90,140,160,840,21
771.4782608696,100,90,160,160,900,20
804.7272727273,100,90,140,160,900,21
342.3374613003,100,90,140,160,840,3
342.3374613003,100,90,140,160,840,4
331.9789315275,100,90,160,200,900,6
331.9789315275,100,90,200,160,900,4
376.4756201882,100,90,140,200,900,6
443.9838220425,90,80,180,200,900,22
695.9807073955,100,90,180,160,840,20
691.974317817,100,90,180,160,900,20
483.0717488789,100,90,140,160,840,22
328.0959752322,100,90,140,160,900,3
328.0959752322,100,90,140,160,900,4
328.0959752322,100,90,140,160,900,8
328.0959752322,100,90,140,160,900,6
328.0959752322,100,90,140,160,900,5
399.7164461248,90,80,200,200,900,22
350.9136212625,100,90,180,160,900,5
350.9136212625,100,90,180,160,900,8
350.9136212625,100,90,180,160,900,4
350.9136212625,100,90,180,160,900,3
625.1488095238,100,90,200,160,840,20
622.4702380952,100,90,200,160,900,20
387.5695732839,100,90,160,160,900,4
430.9449636552,100,80,180,200,900,22
496.1584633854,100,80,180,160,900,23
811.4173228346,90,90,140,160,840,20
805.6974459725,90,90,140,160,900,20
451.6164994426,100,90,140,160,900,22
745.8410351201,90,100,200,160,360,18
595.7100591716,100,90,180,160,900,21
466.1252900232,90,80,180,160,900,22
439.2778993435,90,80,200,160,900,23
529.8546895641,100,90,180,200,900,20
479.9758745476,100,80,140,200,900,22
795.564516129,100,90,140,160,840,19
705.376344086,90,90,140,160,900,21
791.935483871,100,90,140,160,900,19
466.8653158522,100,80,180,160,900,22
380.3692905734,100,80,200,200,900,22
535.2697095436,100,80,140,160,900,22
446.9221835076,90,80,180,160,900,19
518.4636118598,90,80,140,160,900,22
526.1643835616,100,90,200,160,900,21
600.15625,90,90,180,160,900,20
441.081703107,90,80,180,160,900,21
414.6739130435,90,80,200,160,900,22
381.1623246493,100,90,160,160,900,22
316.4418212479,100,30,180,160,1380,20
600.9693053312,100,80,120,160,900,22
406.4551422319,90,80,200,160,900,19
537.3371924747,90,90,200,160,900,20
366.3699307616,90,30,180,160,1380,20
604.2414355628,100,90,140,200,900,19
466.5399239544,100,80,120,200,900,22
584.076433121,100,90,180,160,900,19
415.0622876557,100,90,140,160,600,20
454.0272614622,80,30,140,160,1380,20
406.6964285714,100,80,200,160,900,22
391.5857605178,90,80,200,160,900,21
333.9483394834,100,90,140,200,900,22
552.2205206738,80,30,120,160,1380,20
689.1013384321,80,90,140,160,900,20
330.2474793767,80,80,200,200,900,22
331.2037037037,90,100,200,160,300,18
473.3421750663,90,30,100,160,1380,20
378.0617678381,90,90,140,160,900,22
398.6501687289,90,80,180,160,900,20
314.2095914742,100,90,180,160,900,22
419.6195005945,100,80,140,160,900,23
405.6451612903,90,80,180,160,600,22
508.8534107402,100,80,120,160,900,21
393.2725199544,80,80,140,200,900,22
519.3061840121,100,80,120,160,900,23
379.822616408,70,30,140,160,1380,22
382.9021372328,80,80,180,160,900,22
391.2341407151,100,80,180,160,900,20
404.4364508393,90,80,140,160,900,20
357.0063694268,80,80,200,160,900,23
284.5500848896,90,30,140,160,1380,20
452.2267206478,90,90,200,160,900,21
423.417721519,100,80,140,160,900,20
371.1431742508,100,40,180,200,1200,16
352.0547945205,90,80,200,160,900,20
284.4444444444,90,30,200,160,1380,20
229.1925465839,100,30,140,200,1320,20
643.6046511628,100,90,140,160,900,18
244.1414885777,100,30,200,160,1380,20
268.0487804878,100,90,200,160,900,22
403.6764705882,100,90,140,200,660,22
381.7432273263,100,90,120,160,900,20
346.7309753483,100,90,140,160,900,23
417.1612903226,80,80,140,160,900,22
478.8059701493,100,90,140,160,660,18
337.6582278481,80,80,200,160,900,22
452.5495750708,100,80,120,160,900,20
554.181184669,100,80,60,200,900,22
285.3548966757,100,30,120,200,1140,19
483.5114503817,90,80,120,160,900,22
295.3314659197,100,80,120,180,660,23
340.5405405405,100,90,140,160,600,22
315.9959758551,90,30,140,200,1320,20
450,90,90,200,160,900,19
566.1844484629,90,80,100,160,900,22
359.6980255517,50,40,200,160,1200,20
588.2129277567,100,80,60,160,900,22
448.6131386861,100,100,140,160,360,18
363.4319526627,80,80,140,160,900,21
468.7595712098,100,90,180,160,900,18
562.4768946396,70,90,140,160,900,20
259.3509820666,90,90,180,160,900,22
303.9078156313,90,100,180,160,300,18
524.0484429066,100,80,120,160,900,18
311.3402061856,80,90,140,160,900,22
262.9858657244,50,40,200,160,240,20
323.7472766885,70,30,140,160,1380,20
213.8728323699,100,90,180,200,900,22
283.5907335907,100,100,200,160,420,18
300.5117707267,90,30,120,160,1380,20
412.0786516854,100,90,180,180,840,18
415.4390934844,100,90,200,160,900,18
336.8544600939,100,90,140,200,660,18
216.9324221716,100,10,180,100,1260,17
429.2609351433,100,90,180,160,960,20
217.9585571757,100,90,200,160,900,23
319.7502837684,100,90,180,160,660,18
326.3035921205,80,80,140,160,900,20
483.9655172414,70,90,140,160,900,21
235.4920100925,100,90,200,200,660,21
218.9506656226,90,90,200,160,900,22
309.4235033259,70,80,140,200,900,22
397.150997151,100,80,40,80,960,23
257.9534883721,80,90,160,160,900,22
271.4005876592,50,40,200,200,1140,20
330.193236715,100,80,200,160,900,18
331.7848410758,100,80,120,200,840,22
183.3671399594,90,30,120,200,1200,19
404.9475262369,90,90,180,160,900,18
210.141509434,100,30,120,160,1380,20
229.1595197256,80,180,200,120,60,23
196.3099630996,100,90,200,160,600,20
265.8240647118,80,40,200,200,1200,16
260.7784431138,50,40,200,200,1200,20
270.9241952233,90,80,200,160,720,22
243.738317757,70,30,160,160,1380,20
261.7469879518,100,90,180,180,660,18
482.3747680891,80,90,140,160,900,18
312.8915662651,70,80,140,160,900,22
222.4226804124,80,90,140,200,900,22
652.0202020202,100,80,180,200,660,16
652.0202020202,100,80,120,200,660,16
652.0202020202,100,80,200,200,660,16
271.2328767123,70,30,140,160,1380,19
356.3711911357,90,90,200,160,900,18
272.591006424,90,190,180,180,360,10
209.0759075908,100,80,120,200,660,22
194.8382126348,80,30,200,160,1380,20
241.4821944177,70,80,60,200,60,5
207.7050538525,80,90,180,160,900,22
336.5591397849,90,80,40,80,960,23
168.4636118598,100,30,180,160,1080,20
386.0465116279,70,80,140,160,900,18
274.3362831858,100,90,140,160,420,18
305.7953144266,90,80,100,160,900,23
398.7117552335,80,90,140,180,840,18
223.667570009,100,90,180,200,660,22
245.0495049505,100,90,180,180,660,23
427.2569444444,60,80,140,160,900,22
191.9656786271,100,90,180,160,900,23
194.4532488114,90,90,180,160,600,20
263.6167922497,100,90,180,200,960,18
168.8320663442,100,80,140,160,600,22
219.9272065514,90,180,200,120,60,16
308.9743589744,70,40,140,200,1200,16
339.7454031117,70,90,140,160,900,22
477.3092369478,50,40,200,200,1140,16
212.5223613596,100,90,180,200,660,18
208.7873462214,100,90,120,160,900,22
313.606340819,90,90,200,160,960,18
259.409190372,80,80,140,200,840,22
214.4283121597,100,80,120,160,660,22
240.9183673469,100,200,200,200,660,1
590.9547738693,90,80,140,180,660,16
590.9547738693,90,80,200,200,660,16
590.9547738693,90,80,180,200,660,16
590.9547738693,90,80,140,200,660,16
236.3544813696,90,80,180,180,300,16
201.8932874355,70,30,140,200,1320,20
193.3444259567,70,30,140,200,1380,20
443.4034416826,90,90,40,200,720,18
171.1964549483,90,90,200,160,900,23
303.6697247706,70,90,120,200,840,22
428.7569573284,80,80,140,200,660,17
366.2957074722,80,80,80,160,900,22
234.1810783316,90,90,120,200,660,23
231.5524193548,80,80,140,160,960,20
157.9348579349,100,90,120,160,600,21
216.4448669202,90,80,180,200,300,16
456.4257028112,50,40,200,200,1200,16
245.1995685005,70,40,200,160,1020,16
172.319391635,80,90,200,160,900,22
237.1848739496,100,90,140,160,960,20
208.2179132041,100,180,200,120,60,16
201.1596788582,80,180,200,120,60,16
438.0116959064,100,90,140,160,840,17
437.4269005848,100,90,140,160,900,17
178.1847133758,90,90,200,200,660,21
244.8464912281,70,80,140,160,900,20
170.0076511094,100,40,200,200,1020,17
169.9692780338,80,80,140,200,660,23
299.72899729,80,90,200,160,900,18
260.2836879433,90,90,200,180,960,18
211.0896817744,100,80,120,160,960,20
207.8244274809,90,90,180,180,660,18
236.5217391304,80,90,140,200,660,22
279.7940797941,100,90,180,160,960,18
253.738317757,90,100,200,120,300,18
391.5162454874,70,90,140,160,900,18
246.803652968,70,90,120,160,960,20
291.4749661705,50,40,200,160,1020,16
243.2801822323,60,30,120,160,1380,20
533.0827067669,80,80,140,200,660,16
533.0827067669,80,80,140,160,660,16
533.0827067669,80,80,140,180,660,16
533.0827067669,80,80,200,180,660,16
208.7944664032,90,180,180,120,60,16
250.1187648456,70,90,120,200,960,22
276.5789473684,60,90,120,180,660,22
166.5341812401,100,90,200,200,660,22
344.6457990115,100,180,140,160,900,6
221.9978746015,70,90,140,200,660,21
214.8300720906,70,40,100,140,180,8
273.9473684211,100,80,120,80,960,23
236.3325740319,100,80,120,200,660,18
227.8270509978,100,90,140,160,360,18
238.0841121495,90,90,200,200,660,17
353.0329289428,50,90,140,160,840,20
265.8376963351,80,90,200,160,960,18
258.2375478927,60,90,200,160,960,20
154.9079754601,90,10,200,160,1380,17
323.2744783307,80,90,140,200,660,17
223.1964483907,80,80,140,160,720,20
268.090787717,100,80,200,140,540,16
221.6035634744,100,90,120,160,900,18
240.507859734,70,90,120,200,660,22
343.3506044905,50,90,140,160,900,20
405.7259713701,100,80,40,160,900,22
310.8320251177,80,80,80,160,900,18
171.3171577123,50,40,200,200,720,17
267.4796747967,50,40,200,160,1080,16
146.6914498141,80,80,140,200,600,20
221.3243546577,100,90,200,160,960,18
169.9567099567,50,40,200,200,660,17
150,70,30,140,200,840,22
269.2307692308,60,90,180,160,900,22
238.8753056235,70,80,120,160,900,22
142.8571428571,90,90,180,160,900,23
165.9846547315,90,90,180,200,660,18
187.2954764196,100,40,80,200,660,17
508.4432717678,80,90,40,180,660,18
224.8820754717,60,90,120,200,660,22
159.9496221662,90,90,120,160,900,22
199.6828752643,70,90,180,160,900,22
471.75,70,80,140,200,660,16
471.75,70,80,200,200,660,16
471.75,70,80,180,200,660,16
471.75,70,80,140,180,660,16
191.5564598169,100,190,200,180,360,10
151.1345218801,80,90,120,160,900,22
218.0751173709,70,90,120,200,660,18
297.5884244373,70,80,60,200,900,22
134.2585829072,90,90,200,160,960,22
325.7092198582,90,190,60,180,360,10
175.1191611058,90,80,140,200,660,18
167.8044280443,100,100,180,120,300,18
147.0779220779,60,40,200,200,660,17
340.4896421846,70,90,120,160,900,18
151.5993265993,100,90,180,200,1380,11
334.0782122905,90,80,200,140,540,16
134.0807174888,80,80,140,180,660,22
296.3636363636,50,90,140,160,900,22
322.7027027027,60,90,120,180,840,18
419.9530516432,80,90,40,200,660,18
142.8913738019,90,30,180,80,1080,17
198.7723214286,70,90,140,180,660,18
234.65085639,70,90,200,160,900,18
170.7692307692,70,80,180,180,300,16
205.6844547564,80,90,200,200,660,17
292.7272727273,60,80,120,160,900,22
163.9481000927,80,90,160,200,660,22
432.1078431373,90,80,140,120,960,16
294.3238731219,70,80,60,160,900,22
123.9436619718,80,90,140,160,960,22
469.3548387097,80,80,80,180,660,16
152.8483786153,70,180,200,120,60,16
188.2224645583,70,90,120,160,900,22
439.7435897436,90,90,40,180,960,18
274.7993579454,70,180,140,160,900,6
239.4405594406,50,200,200,200,660,1
333.7231968811,90,90,180,40,780,18
292.082616179,80,80,120,80,960,23
323.9005736138,80,80,140,60,960,20
255.7926829268,70,80,60,160,900,18
184.6836847947,100,90,180,200,660,16
156.2085308057,70,90,200,160,900,22
156.2737642586,90,80,60,200,60,5
185.8437146093,60,90,120,160,900,22
123.5870384326,100,90,140,160,960,22
262.8019323672,90,90,40,200,660,18
162.5630676085,90,90,100,160,900,22
111.8915159944,100,90,180,180,540,18
330.2469135802,90,190,100,40,720,7
132.8607172644,50,40,200,160,1380,20
427.8378378378,90,90,40,160,960,19
390.1234567901,80,190,100,40,720,7
390.1234567901,80,190,40,100,720,10
130.6545153273,80,40,80,200,660,17
275.2196836555,70,180,140,120,480,5
147.0754716981,100,80,100,200,660,18
142.3217550274,50,200,160,160,60,17
227.8592375367,100,90,140,160,300,17
127.027027027,80,90,200,180,660,18
127.027027027,80,90,180,200,660,18
392.6582278481,80,80,200,80,840,16
114.3805309735,50,40,200,160,960,20
150.1937984496,80,40,140,160,1020,16
306.9444444444,90,80,40,160,900,22
282.6325411335,50,90,120,160,900,22
264.2123287671,80,190,60,180,360,10
123.0830670927,70,190,160,160,240,1
216.5021156559,50,80,180,160,900,22
234.7626339969,100,90,180,40,780,18
281.1009174312,80,80,200,140,540,16
316.5289256198,90,190,100,40,780,7
122.4,80,80,160,160,1020,22
135.8860195904,70,200,200,200,660,1
188.8059701493,100,90,140,200,420,17
476.3406940063,100,80,100,80,1080,17
217.9970972424,70,180,200,100,720,4
365.7568238213,70,190,100,40,780,7
128.5338015803,100,80,60,160,600,22
108.711839166,90,80,180,160,1200,20
115.0512214342,100,40,140,160,1080,16
146.6800804829,50,40,200,200,660,16
107.3746312684,50,40,200,200,660,18
194.8993288591,80,190,100,160,420,7
198.3584131327,50,90,140,200,900,22
163.0508474576,100,200,140,180,660,2
261.8181818182,100,190,60,180,360,10
338.7706855792,80,190,100,40,780,7
338.7706855792,80,190,100,40,780,2
232.5163398693,70,190,60,180,360,10
226.5923566879,60,180,140,160,900,6
379.9465240642,90,80,180,80,960,16
266.5413533835,60,90,120,160,900,18
292.3553719008,90,90,40,200,660,17
154.0894220284,80,90,200,140,540,16
258.4870848708,100,90,140,160,1380,20
155.1495016611,60,90,120,200,660,18
144.4214876033,90,90,200,200,660,16
648.8372093023,70,190,140,40,720,7
287.0103092784,90,90,40,160,900,18
266.9230769231,80,90,40,80,660,18
343.3168316832,50,80,120,200,660,16
171.9602977668,100,180,200,80,540,6
615.1111111111,100,200,200,200,540,23
182.9139072848,100,70,160,160,1200,16
182.2985468956,100,180,140,180,660,5
109.7444089457,60,80,60,200,60,5
175.2880921895,70,130,20,80,1260,6
159.9062133646,90,90,200,80,960,20
124.7252747253,80,80,140,200,660,18
100.2209131075,70,80,140,200,660,22
153.4619750284,80,80,80,200,660,18
222.6072607261,70,90,120,180,660,16
138.3350462487,100,90,180,40,780,1
159.5719381688,100,180,140,120,480,5
310.2325581395,50,200,80,200,660,1
172.7626459144,50,80,200,160,900,22
220.8955223881,100,90,160,160,1380,20
339.7932816537,80,90,40,160,900,18
107.9142621599,50,200,160,180,60,17
139.7435897436,70,90,120,120,60,16
105.501618123,70,30,140,180,840,18
199.3874425727,70,90,120,200,660,16
148.6766398159,90,200,120,200,660,1
88.8965517241,100,80,120,180,540,21
135.7293868922,70,190,140,200,360,5
209.3137254902,90,90,40,200,660,16
117.6199261993,70,180,180,180,360,4
123.666343356,100,200,140,200,660,1
211.9800332779,80,180,200,80,720,10
144.9771689498,100,90,20,160,840,20
112.9893238434,70,90,120,180,960,22
117.9271708683,60,190,140,200,300,3
270.8154506438,60,200,80,200,660,1
107.7844311377,60,180,200,120,60,16
127.2543059777,70,100,200,120,300,18
180.7194244604,90,180,200,100,720,6
170.612244898,50,200,200,200,1020,1
144.5727482679,100,70,160,200,1200,16
174.3016759777,70,200,140,180,660,2
184.6953937593,50,80,120,160,900,22
146.39905549,100,90,140,160,1380,22
181.3782991202,80,80,140,80,960,23
178.0346820809,100,90,180,160,1380,20
296.6019417476,70,200,80,200,660,1
114.3932267168,100,80,120,200,1200,19
174.212034384,60,80,60,160,900,18
100.4149377593,80,80,140,120,60,16
151.0611735331,60,80,120,160,900,18
260.1731601732,80,80,140,200,1260,16
96.6908797417,90,90,140,160,300,18
431.7689530686,70,190,140,40,780,7
244.5807770961,70,200,180,20,1020,1
112.3120300752,100,190,60,60,240,1
441.8518518519,70,80,120,80,840,16
173.2168850073,80,180,200,160,120,16
224.9527410208,80,90,40,80,720,18
148.8050314465,100,180,140,200,660,1
148.9226869455,80,180,200,160,900,11
157.7956989247,100,90,200,160,1380,20
82.5284090909,100,90,180,160,360,18
403.125,100,180,140,160,900,22
233.6693548387,100,80,100,160,1080,16
117.6229508197,100,80,20,180,1020,23
117.6229508197,100,80,180,20,1020,23
80.2382620883,50,190,180,200,300,3
189.238410596,70,80,120,80,960,23
190.9698996656,70,80,60,180,840,18
277.6155717762,80,80,200,80,960,16
82.6086956522,70,30,140,180,1380,10
428.5714285714,70,190,200,40,720,7
428.5714285714,70,190,100,80,720,10
96.5106382979,100,90,140,160,360,22
103.9449541284,80,180,140,120,60,16
205.8181818182,100,200,80,200,660,1
111.3300492611,90,190,60,60,240,1
150.1329787234,80,90,40,140,540,5
320.5128205128,70,200,60,200,660,1
109.5609756098,70,80,140,180,660,18
219.3359375,100,190,100,40,720,7
219.3359375,100,190,40,100,720,10
194.2906574394,60,190,120,100,420,10
269.0647482014,60,190,40,100,720,10
215.2215799615,80,80,40,160,900,22
212.6213592233,70,180,40,200,360,5
190.6360424028,80,90,140,160,1380,20
115.2777777778,50,40,200,180,660,15
348.5436893204,70,190,160,40,780,7
293.4426229508,70,200,80,160,660,1
84.4217151849,70,30,140,200,1200,16
153.7356321839,70,190,80,40,780,7
84.5727848101,70,180,200,180,360,4
112.671594509,70,180,180,200,660,1
110.2378490176,70,180,140,120,60,16
166.9278996865,70,200,200,160,1020,9
185.6392294221,100,200,140,20,1020,1
373.851590106,90,190,200,200,420,18
239.8169336384,80,190,160,40,780,7
95.4128440367,80,80,140,180,300,16
100.0962463908,70,200,80,200,300,1
446.9827586207,80,80,140,200,300,15
237.299771167,100,190,160,40,780,7
119.2174913694,100,90,140,40,780,7
132.6923076923,70,80,140,160,420,16
140.4632152589,100,90,40,160,900,20
584.6590909091,50,200,80,80,780,1
100,60,90,120,120,780,11
98.8439306358,80,80,140,160,1200,20
113.0242825607,100,130,20,80,1260,6
85.3801169591,70,90,120,160,900,5
134.255599473,90,90,200,160,1380,20
156.4142194745,90,90,40,80,720,17
101.9153225806,80,190,100,180,360,10
101.9153225806,80,190,100,180,360,7
71.7530163236,50,200,180,180,60,17
160.5723370429,80,90,160,160,1380,20
175,80,190,140,180,660,11
108.3961248654,70,90,120,200,1020,21
360.071942446,70,200,200,40,780,7
383.8461538462,80,190,60,60,960,20
130.4749340369,70,180,200,120,480,5
139.5744680851,80,180,120,180,660,11
69.6453900709,90,80,200,100,720,4
95.5209347614,80,200,100,20,1020,1
219.4630872483,90,200,60,200,660,1
331.4189189189,70,190,120,80,720,10
134.478021978,100,90,180,180,1020,17
153.2182103611,100,180,140,80,720,10
173.3096085409,50,40,200,60,720,15
157.6051779935,100,100,40,120,300,18
134.6260387812,100,90,180,160,1080,16
88.267644363,100,90,140,200,1380,22
98.6666666667,70,200,200,160,660,1
63.9519359146,90,90,120,120,780,11
77.5080906149,80,80,160,200,660,18
204.0598290598,80,190,40,180,660,11
240.3022670025,70,200,80,180,660,1
105.1819184123,100,80,20,160,1020,23
65.8350658351,50,40,200,200,660,1
70.1702442635,90,90,140,160,360,21
248.8188976378,70,200,80,160,720,1
98.4358706986,80,90,40,180,900,1
188.8,80,190,100,80,720,10
206.3457330416,70,190,120,160,720,10
85.0315599639,100,90,180,160,1380,22
80.3418803419,100,200,60,200,300,3
69.7604790419,70,80,160,160,1020,22
170.0729927007,70,90,120,60,960,20
117.3803526448,50,200,180,200,660,1
117.3803526448,50,200,180,200,660,4
163.6203866432,60,90,120,60,960,20
510.989010989,100,200,80,160,900,22
510.989010989,100,200,60,160,900,22
114.5499383477,90,90,40,200,660,22
321.107266436,80,180,200,160,900,22
321.107266436,80,180,100,160,900,22
182.6429980276,70,200,140,20,1020,1
330.9352517986,100,180,140,200,660,18
142.480620155,100,90,40,160,960,20
119.7385620915,100,90,80,100,540,16
90.0296150049,80,80,140,160,300,17
79.4245858762,70,200,200,200,540,2
349.2307692308,70,190,60,60,960,20
222.3039215686,70,190,40,180,660,11
179.5634920635,100,170,180,200,300,16
142.429022082,100,180,140,80,840,5
66.5682656827,100,10,200,100,1440,17
63.5850388144,80,30,140,160,1380,4
196.0784313725,70,180,40,180,360,4
63.1320224719,70,90,200,200,660,18
135.6060606061,80,70,160,200,1200,16
86.0173577628,70,180,200,200,660,4
94.3855932203,100,180,140,140,540,1
94.3855932203,100,180,140,140,540,5
157.3451327434,100,190,120,80,720,10
151.7948717949,50,200,80,140,540,1
154.9295774648,70,200,200,100,720,1
391.4798206278,100,170,20,200,300,16
302.8169014085,60,200,60,200,1020,9
345.9677419355,90,190,180,200,540,18
135.6012658228,70,180,40,180,660,4
467.2131147541,90,200,200,160,900,22
158.6270871985,70,70,120,200,1200,16
305,100,180,200,160,900,18
110.3626943005,80,90,200,160,1380,20
203.3653846154,70,190,40,160,660,11
126.5460030166,90,190,60,200,660,1
76.1425959781,60,200,60,200,300,3
109.6179183136,90,90,40,160,900,22
184.0707964602,90,90,40,120,480,16
435.0785340314,100,200,180,200,1020,23
191.2037037037,70,190,40,200,660,1
191.2037037037,70,190,40,200,660,12
191.2037037037,70,190,40,200,660,11
55.751014885,70,180,200,200,360,5
91.3525498891,80,80,140,200,1140,16
67.8747940692,100,90,200,160,1380,22
83.2995951417,50,200,180,160,240,1
57.0735090153,60,40,180,160,660,15
57.0535093815,80,80,140,200,1320,11
224.3835616438,70,190,140,180,660,23
283.044982699,70,180,200,160,900,22
93.3789954338,80,80,140,200,1200,16
278.892733564,80,180,120,140,720,20
322.4,100,90,140,80,1440,17
145.8333333333,100,200,140,80,720,10
71.8498659517,70,200,200,180,660,1
71.8498659517,70,200,200,180,660,11
65.2138157895,100,200,200,200,960,1
430.9782608696,80,200,200,160,900,22
430.9782608696,80,200,80,160,900,22
430.9782608696,80,200,180,160,900,22
99.8737373737,60,130,20,80,1260,6
109.2797783934,100,180,120,180,660,21
105.0666666667,70,80,140,80,960,18
53.9780521262,100,200,180,200,660,1
57.4046920821,100,90,140,160,360,23
138.2978723404,100,190,200,120,300,18
314.5161290323,90,190,200,180,840,18
320.5761316872,70,180,40,100,180,15
113.4306569343,70,200,40,200,300,3
194,70,190,200,80,1080,8
306.7193675889,70,190,120,40,780,7
101.8396846255,80,180,120,200,660,11
257.1428571429,60,190,120,80,720,10
94.1391941392,70,90,120,200,420,17
137.9248658318,70,200,40,200,660,1
67.6031606673,90,90,180,160,1380,22
193.6868686869,70,200,60,80,540,7
82.9189189189,70,80,60,120,60,16
152.0874751491,80,180,200,180,1380,4
307.2580645161,90,190,200,200,660,18
221.2209302326,70,200,200,20,1020,1
65.1762682717,80,200,140,200,660,1
304.8387096774,90,190,200,140,780,18
56.3106796117,100,90,180,160,1260,11
116.4086687307,100,90,140,80,1080,17
67.29390681,80,190,100,200,360,5
90.4704463209,80,190,20,180,360,10
85.1305334847,100,90,80,200,420,17
62.2814321399,70,90,160,200,660,23
205.8011049724,50,200,80,80,720,1
300,80,190,100,160,660,20
175.4716981132,80,190,120,40,780,7
191.4948453608,100,200,140,40,780,7
191.4948453608,100,200,140,40,780,1
148.6973947896,100,80,100,120,480,16
62.1123218776,50,180,200,120,60,16
98.1456953642,70,190,180,200,720,7
60.391198044,100,180,140,200,360,5
144.7937131631,100,120,160,100,180,15
104.5779685265,70,180,40,200,660,4
65.1745747538,80,190,100,160,240,1
171.4622641509,100,190,120,40,780,7
303.7656903766,100,80,120,200,660,15
277.0992366412,80,200,40,120,540,22
67.3791821561,100,180,140,80,540,6
220.0607902736,70,190,60,80,1080,8
220.0607902736,70,190,60,80,1080,9
103.2904148784,70,190,120,120,480,5
135.9168241966,100,180,200,200,360,16
300.4184100418,100,80,100,200,600,15
96.2365591398,100,80,20,180,1020,17
123.2358003442,80,90,40,200,540,18
178.3042394015,90,190,200,20,780,18
288.3064516129,60,190,140,120,480,19
115.9349593496,80,190,100,160,1020,7
115.9349593496,80,190,100,160,1020,9
252.8368794326,70,190,60,80,840,1
142.6853707415,60,90,120,60,540,16
122.0689655172,70,190,140,180,660,2
159.8194130926,70,200,200,80,720,1
246.6898954704,80,190,100,200,420,17
89.2676767677,100,90,140,60,960,20
224.6794871795,60,200,60,160,1020,9
365.9685863874,80,200,200,200,1020,23
102.3494860499,70,70,160,200,1200,16
376.0869565217,70,200,200,160,900,22
470.7482993197,90,180,140,100,180,15
56.1990212072,80,190,100,200,300,3
70.7091469681,100,170,200,160,900,22
152.2123893805,80,90,40,120,480,16
375.956284153,90,170,160,100,180,15
74.2671009772,100,90,20,160,840,22
96.1971830986,70,80,140,80,960,23
51.708428246,70,190,160,120,240,1
104.6082949309,50,200,200,160,900,1
455.7046979866,70,180,140,160,1380,5
455.7046979866,70,180,60,180,1380,4
81.686746988,80,90,40,180,540,21
240.4255319149,80,180,200,160,900,18
99.4126284875,50,130,20,80,1260,6
116.955017301,80,90,40,160,1020,22
459.8639455782,80,180,200,100,180,15
272.5806451613,70,190,120,160,660,20
74.7228381375,70,190,60,160,240,1
83.9799749687,80,90,40,160,900,22
110.5610561056,70,200,80,60,240,1
90.3924221922,80,180,100,120,780,11
75.4545454545,90,190,40,40,180,19
267.3387096774,80,190,100,200,660,18
267.3387096774,80,190,100,180,660,18
396.4071856287,100,90,80,80,1440,17
356.5217391304,70,200,200,200,660,20
114.2857142857,60,90,120,160,1020,16
354.0540540541,70,200,200,80,780,20
83.8046272494,90,90,180,180,1380,18
280.6034482759,90,200,120,200,540,18
52.2891566265,90,90,200,160,1380,22
214.5695364238,100,200,20,160,1020,23
84.1352405722,90,90,180,40,840,23
109.337860781,80,190,100,100,840,7
166.2337662338,80,90,20,160,1380,20
182.8571428571,50,200,80,80,840,5
392.0245398773,80,190,40,40,1020,17
114.3884892086,60,190,40,80,540,10
97.8227060653,80,190,100,160,720,1
187.8787878788,70,200,80,160,900,1
193.75,70,200,160,80,960,7
201.6286644951,50,200,80,160,1020,9
625.2525252525,100,90,180,200,540,15
256.4315352697,100,80,200,140,720,15
47.3076923077,70,90,120,180,1020,23
56.586270872,70,30,140,80,720,10
135.8574610245,100,190,60,80,1080,9
101.3333333333,60,200,40,160,300,8
199.3442622951,50,190,120,80,720,10
251.867219917,80,80,80,200,600,15
251.867219917,80,80,140,200,600,15
141.7840375587,100,190,60,20,360,17
702.3255813953,90,90,40,200,600,15
69.918699187,80,90,140,80,960,23
60.7070707071,60,180,140,120,60,16
74.2892459827,60,80,120,60,960,20
53.0973451327,70,190,60,60,240,1
67.9545454545,60,180,160,140,540,1
177.9761904762,100,200,20,180,1020,23
68.5419058553,100,90,100,180,240,16
88.4272997033,50,40,200,80,1020,16
115.2804642166,70,190,60,120,480,11
202.7210884354,100,190,60,200,540,18
239.9193548387,60,190,140,200,660,19
294.5544554455,70,190,80,200,1020,21
245.4545454545,90,80,200,140,720,15
209.219858156,70,180,200,160,900,18
209.219858156,70,180,140,160,900,18
79.4594594595,80,200,40,200,300,3
236.6935483871,50,190,180,120,480,19
71.3244228433,100,80,120,200,1140,16
454.2635658915,90,200,60,80,660,18
47.2874493927,90,90,200,40,780,7
165.625,100,90,40,200,300,15
88.8549618321,100,90,140,20,780,17
390.6040268456,60,180,120,180,1380,4
65.2808988764,80,80,80,120,300,18
61.7021276596,90,200,160,180,1200,1
186.7313915858,90,190,180,80,960,23
175.3799392097,60,190,60,80,1080,9
110.556621881,100,170,80,160,360,18
69.5652173913,80,190,100,180,660,2
69.5652173913,80,190,100,180,660,1
366.8789808917,80,200,40,200,540,18
338.8235294118,80,200,40,160,900,22
53.7453183521,70,190,40,40,780,11
161.8644067797,70,190,120,40,240,23
109.4049904031,70,200,80,140,540,1
304.3010752688,60,200,80,160,900,22
304.3010752688,60,200,60,160,900,22
173.6196319018,70,190,60,180,1020,8
64.2285714286,70,190,100,200,660,1
230.5785123967,70,80,120,200,600,15
230.5785123967,70,80,100,200,600,15
73.8726790451,100,90,140,80,420,17
55.1485148515,50,80,180,200,1200,17
94.3781942078,70,200,60,200,600,7
643.023255814,80,90,40,200,660,15
192.0138888889,100,190,60,100,360,19
221.7741935484,70,180,120,100,1320,6
122.2972972973,50,200,100,60,300,8
98.9051094891,80,120,180,100,180,15
191.1660777385,70,200,40,200,1200,4
152.8248587571,50,200,80,60,240,1
288.2352941176,70,200,200,60,960,20
139.378238342,50,190,180,80,1080,8
139.378238342,50,190,180,80,1080,9
206.5384615385,50,40,180,100,600,14
280.1047120419,60,200,60,80,1080,8
52.7147087858,100,190,120,200,660,1
53.8383838384,80,80,140,140,780,18
66.7085427136,100,180,140,160,1260,11
170.9677419355,50,200,40,20,1440,1
49.9527856468,70,200,200,160,900,1
45.9130434783,100,90,200,180,480,17
60.0686498856,90,200,60,160,300,3
47.3399458972,80,90,40,140,180,19
105.0200803213,90,200,120,100,360,19
210.8870967742,50,190,120,200,540,18
213.9917695473,80,80,200,140,720,15
329.9363057325,70,200,80,200,540,18
329.9363057325,70,200,200,200,540,18
114.6017699115,70,90,40,120,480,16
76.9345238095,90,130,40,140,180,19
93.4900542495,100,90,40,160,300,17
181.4035087719,100,180,140,140,540,16
146.1756373938,80,180,200,80,960,23
126.0442260442,60,200,60,200,600,22
85.9060402685,90,190,180,120,480,19
93.5779816514,70,90,120,40,780,7
91.8918918919,70,190,120,200,1200,10
92.1818181818,70,130,20,200,1260,6
43.1759656652,80,180,200,120,60,15
211.8644067797,90,200,120,20,1020,17
152.9230769231,50,190,180,60,720,3
35.9272727273,80,80,140,160,300,18
287.7192982456,70,200,40,160,900,22
63.6481241915,80,200,40,200,660,1
117.5059952038,90,90,40,160,1020,16
46.0812086874,90,170,200,180,840,23
118.1598062954,60,180,60,140,120,16
135,100,190,60,200,660,18
162.0805369128,80,180,100,100,1380,11
62.4838292367,100,90,40,160,900,22
35.6245380636,100,90,140,160,1320,20
69.1091954023,80,190,100,60,240,1
126.3157894737,70,130,20,160,1380,6
196.3114754098,60,80,160,200,600,15
101.0570824524,60,90,120,40,720,22
161.1486486486,70,200,80,100,1140,2
228.3653846154,50,200,200,20,1440,1
112.5890736342,50,190,180,80,720,10
89.224952741,50,200,180,20,1020,1
119.0355329949,90,200,120,80,300,19
50.2141327623,70,200,200,100,420,1
125.1336898396,50,100,40,120,480,19
212.2727272727,70,200,40,160,1260,11
38.1030253475,100,180,140,180,360,4
106.4073226545,70,200,80,80,720,10
186.6935483871,50,190,200,180,840,18
196.1538461538,100,200,100,100,300,16
196.1538461538,100,200,80,200,300,16
73.0769230769,50,100,40,160,660,20
118.1347150259,80,200,40,200,660,22
59.4240837696,100,190,80,200,660,10
61.0215053763,100,80,80,80,1080,21
240.9574468085,70,180,40,180,1380,4
150.6666666667,100,90,40,160,1440,20
247.2527472527,50,170,180,20,1440,1
74.6666666667,50,70,160,160,1200,16
46.5212876428,60,90,120,180,1380,22
155.5944055944,80,80,140,120,1020,15
78.6856127886,80,200,80,180,660,1
38.1239242685,90,90,200,160,1200,20
217.1568627451,50,190,120,200,1020,21
217.1568627451,50,190,200,180,1020,21
189.3162393162,80,80,140,100,1140,15
217.1568627451,50,190,180,200,1020,22
217.1568627451,50,190,120,180,1020,21
86.328125,100,180,140,160,1380,4
341.8604651163,70,200,200,200,660,18
341.8604651163,70,200,80,200,660,18
341.8604651163,70,200,60,200,660,18
341.8604651163,70,200,80,80,660,18
276.7295597484,80,80,140,160,900,15
145.8193979933,90,190,200,60,960,20
87.3493975904,60,190,120,180,540,21
31.6363636364,50,40,200,120,480,19
131.914893617,70,190,60,200,1200,1
79.4495412844,70,190,60,180,660,11
219.2893401015,80,190,100,60,960,20
228.7234042553,50,200,160,180,960,23
76.7985611511,70,180,40,160,480,4
64.2533936652,70,200,80,20,1020,1
33.0727130571,100,190,60,200,300,3
50.5376344086,50,190,100,200,300,8
220.3125,50,200,180,200,1020,23
123.2352941176,50,100,40,120,300,18
123.0088495575,100,80,100,20,540,15
63.3738601824,100,120,160,80,1440,10
48.875739645,80,90,140,160,1200,20
76.2962962963,100,180,120,200,1380,6
57.4825174825,80,190,200,160,300,18
68.9189189189,50,130,20,140,1140,8
63.59375,100,180,140,200,540,18
47.2642607683,50,190,180,200,660,10
427.3684210526,100,200,160,160,1020,17
75.7973733583,70,180,40,80,1440,10
232.3699421965,70,200,200,160,900,18
109.2391304348,100,130,40,160,1200,20
38.045540797,100,90,180,160,1200,20
102.2959183673,90,100,100,60,540,16
50.5703422053,100,90,180,160,1380,17
138.8111888112,70,80,100,120,1020,15
168.3760683761,90,200,120,200,300,16
75,90,170,80,160,360,18
111.0169491525,70,190,60,160,1020,8
93.7947494033,70,200,200,60,1200,1
53.7722908093,80,190,100,200,840,7
42.8728070175,100,200,140,180,1140,1
68.430335097,100,140,40,140,120,16
196.4467005076,70,190,100,60,960,20
184.6889952153,100,200,200,20,1440,1
56.5537555228,100,90,180,100,1440,22
119.6875,90,170,200,100,1380,23
44.0599769319,70,180,60,140,540,5
53.661971831,60,180,160,160,1020,9
58.1679389313,50,80,120,80,960,23
54.8991354467,90,170,200,200,1440,23
56.3798219585,80,180,120,160,660,20
68.1735985533,100,190,60,160,1020,10
198.9361702128,50,200,160,200,480,17
198.9361702128,50,200,200,180,480,17
198.9361702128,50,200,160,180,480,17
396.8085106383,50,200,160,180,540,17
134.7826086957,100,190,140,20,780,18
170.9677419355,60,170,20,200,300,16
76.397515528,70,90,120,40,780,22
87.648456057,90,190,100,160,900,18
67.3357664234,80,80,80,80,1080,17
40.5049396268,80,190,100,200,660,7
40.5049396268,80,190,100,200,660,1
40.5049396268,80,190,100,200,660,4
118.7096774194,80,200,40,160,360,18
65.5913978495,90,170,160,180,1380,4
65.5913978495,90,170,160,180,1380,10
224.5398773006,90,80,200,20,720,15
56.5217391304,100,90,140,40,300,17
315.652173913,60,90,120,140,720,15
62.8919860627,100,180,140,40,720,7
122.4489795918,70,190,60,200,540,18
159.5555555556,70,190,140,60,960,20
89.0274314214,80,200,40,40,1020,17
46.9656992084,80,190,200,180,540,21
88.3374689826,60,100,100,60,540,16
171.4975845411,80,190,60,100,180,15
26.8348623853,80,80,200,80,720,10
55.2380952381,70,90,40,200,540,18
51.4157973174,70,200,160,80,540,7
147.4358974359,50,200,80,80,1260,1
32.5757575758,80,90,40,80,540,18
41.4752116082,70,90,180,180,1380,18
92.9539295393,60,200,20,200,780,6
66.2790697674,50,190,200,80,720,10
40.2843601896,90,130,20,200,300,3
39.4889663182,50,40,200,80,1260,6
136.4372469636,50,80,200,140,720,15
161.0576923077,80,190,100,180,1020,17
48.7591240876,70,190,160,200,660,1
51.632970451,80,190,100,160,900,7
51.632970451,80,190,100,160,900,6
65.8682634731,60,200,40,40,1020,1
347.3684210526,70,200,200,180,1020,17
129.9212598425,70,190,160,60,960,20
32.3846908734,100,120,160,180,1380,4
53.1604538088,100,180,140,200,1380,11
40.644361834,50,130,20,160,1020,9
40.1985111663,90,190,40,100,840,7
169.6335078534,80,200,40,80,840,16
368.1818181818,50,90,40,200,600,15
28.2208588957,100,170,140,160,900,22
44.5062586926,100,190,200,160,300,17
37.5442739079,80,180,140,100,720,4
231.1111111111,80,190,100,200,300,15
57.9737335835,100,130,20,80,1260,21
61.9433198381,70,130,20,160,900,22
41.7009602195,80,190,100,200,780,7
41.3132694938,80,80,80,80,720,17
127.9661016949,100,190,200,180,660,16
46.2365591398,90,90,40,160,1200,20
51.5570934256,100,180,140,40,780,7
103.4722222222,90,180,140,160,1080,16
59.0099009901,50,190,180,120,300,18
135,100,80,100,60,960,15
59.8790322581,50,190,180,60,480,21
81.9444444444,100,190,60,160,900,22
31.2299465241,70,90,160,80,1080,9
56.7193675889,60,120,160,80,1440,10
95.3177257525,70,190,200,60,960,20
102.1505376344,90,170,160,160,1080,16
39.6648044693,70,130,20,160,960,20
118.9873417722,60,200,60,40,1020,17
287.7551020408,70,130,20,160,660,15
69.3827160494,60,40,140,100,600,14
330.9523809524,50,190,120,100,180,15
48.8536155203,90,180,140,180,1380,4
200,80,90,40,120,1020,15
79.0830945559,90,150,80,40,1200,17
88.141025641,100,170,80,180,480,16
68.25,90,200,60,120,300,18
57.4152542373,90,130,40,180,1020,21
82.8220858896,90,190,120,100,180,15
55.1020408163,70,40,180,100,600,14
45.4391891892,80,80,140,80,1440,17
199.2592592593,80,180,200,200,300,15
74.651810585,60,200,60,120,480,19
26.1208576998,100,90,140,80,1080,8
61.8604651163,50,200,80,180,1140,9
66.4122137405,60,200,80,100,360,20
89.6193771626,80,180,200,160,1020,16
345.3333333333,80,190,100,140,540,16
72.8813559322,70,180,120,100,360,20
34.4966442953,80,180,200,40,780,7
55.8951965066,60,100,40,120,300,18
108.0508474576,80,190,100,200,660,16
21.7202432667,70,90,60,160,900,22
60.1449275362,100,170,20,80,540,16
41.8487394958,70,190,60,200,540,11
31.9895968791,50,100,40,200,660,20
24.039408867,100,90,20,160,900,20
38.0655226209,70,200,40,120,480,1
64.6900269542,50,150,40,200,1200,1
36.5177195686,100,170,180,160,900,18
55.8752997602,90,190,100,160,900,23
86.6171003717,80,190,60,200,300,16
53.3487297921,70,200,60,200,420,17
70.0934579439,90,90,40,160,1380,20
32.4167872648,70,150,100,80,120,16
25.9906759907,100,170,140,160,900,21
16.4933135215,100,90,80,40,720,7
19.5381882771,60,160,160,120,1140,10
63.8483965015,80,190,40,60,1200,23
90.1234567901,100,180,40,180,1380,4
31.6400580552,60,150,40,60,1200,4
227.3684210526,50,200,200,200,1020,17
30.4964539007,60,190,180,180,540,21
39.2335766423,60,190,60,180,660,5
73.5395189003,100,180,200,200,1200,16
19.3430656934,60,80,60,120,60,16
97.6958525346,80,80,80,140,720,15
17.199017199,70,120,100,20,1020,1
23.3183856502,70,190,40,200,240,11
96.2441314554,50,170,20,200,1440,1
70.4467353952,90,180,140,200,1200,16
30.9341500766,70,190,140,120,300,18
29.2397660819,90,120,100,160,1440,8
26.9905533063,80,170,40,80,1200,4
22.9095074456,70,80,120,200,1200,16
100,80,200,100,60,960,20
14.4959529065,100,10,40,160,960,17
38.6,90,130,40,120,480,16
102.6595744681,100,80,100,80,540,15
65.6357388316,80,180,200,200,1140,16
63.7583892617,60,180,160,80,660,18
26.2793914246,90,90,40,200,420,17
21.8244803695,100,180,140,80,1080,9
80.0847457627,90,190,120,160,660,15
67.3835125448,90,170,160,140,720,15
57.3619631902,90,170,160,160,1380,20
69.8113207547,90,160,80,160,660,15
15.3266331658,90,170,200,120,780,23
21.5639810427,70,200,80,40,780,7
36.2549800797,60,40,180,100,600,14
12.7840909091,80,190,100,120,300,2
15.6657963446,90,70,160,80,960,23
28.4810126582,50,190,180,100,720,10
16.3043478261,60,40,180,80,1260,6
39.9103139013,90,200,120,80,1080,9
104.7058823529,90,80,40,140,720,15
75.7446808511,80,190,180,200,600,15
75.7446808511,80,190,100,200,600,15
182.2916666667,70,200,200,160,1020,16
182.2916666667,70,200,160,160,1080,16
15.8525345622,90,70,140,100,420,19
28.3828382838,50,190,120,100,660,10
19.0635451505,100,110,80,20,360,17
22.1932114883,50,190,80,40,780,7
73.5930735931,60,80,60,200,600,15
36.7391304348,80,190,100,120,300,18
80,50,170,20,20,1020,16
69.0677966102,80,190,100,160,660,15
440.5405405405,80,190,100,160,1080,16
12.1009651076,70,180,120,200,180,22
317.6470588235,80,180,200,160,1380,20
56.0553633218,80,180,200,200,600,15
37.1559633028,70,190,60,120,480,19
50.9615384615,50,180,200,100,1320,20
69.4323144105,50,190,120,80,1440,10
67.5324675325,60,190,40,200,540,18
17.7676537585,50,130,120,160,240,2
12.8737541528,50,90,120,180,1380,10
15.5085599194,50,80,180,80,960,23
30.1960784314,70,130,20,140,1440,6
18.8725490196,70,90,60,180,1080,8
300,50,190,120,160,1200,20
392.3076923077,70,120,100,200,1200,16
298.0392156863,70,180,200,160,1380,20
298.0392156863,70,180,140,160,1380,20
12.5938281902,80,90,200,160,1200,20
14.2447418738,80,90,40,160,1020,9
10.5714285714,90,10,200,100,1440,17
61.8644067797,70,200,80,200,600,15
61.8644067797,70,200,200,200,600,15
38.2585751979,100,200,140,80,1260,6
150,70,200,80,200,660,16
389.1891891892,70,190,60,160,1020,16
28.2352941176,100,170,20,20,1080,17
15.8011049724,100,90,180,20,360,17
18.3804627249,80,180,200,120,300,18
90.5063291139,70,160,80,140,720,15
27.3422562141,90,130,40,200,1020,21
189.3333333333,70,190,120,80,840,16
55.2529182879,70,190,60,160,660,20
18.75,80,180,200,120,480,5
14.570230608,100,180,60,100,360,5
50.5454545455,100,200,80,100,240,16
25.9813084112,50,190,200,40,1260,7
132.6923076923,50,200,200,20,960,17
29.2993630573,60,200,160,80,1260,6
14.875135722,70,200,80,180,360,10
39.7014925373,100,190,60,100,180,15
70.0534759358,50,170,80,100,180,15
21.5231788079,60,200,60,40,780,7
43.4482758621,100,200,180,20,300,16
18.0774748924,60,160,160,180,1380,4
47.0149253731,50,170,160,140,720,15
25.6198347107,60,190,140,200,1200,16
310,60,190,20,120,1260,15
42.5531914894,70,180,60,200,660,17
44.0298507463,50,170,80,160,660,15
16.765578635,90,190,180,160,900,18
27.989821883,100,200,180,20,240,16
49.5495495495,50,200,200,20,240,17
41.0447761194,50,170,160,200,600,15
13.7055837563,70,180,40,120,540,4
26.6666666667,50,200,80,20,1020,17
19.5298372514,100,130,40,80,1200,19
25.4716981132,60,170,20,100,180,15
7.8374455733,100,180,140,120,300,6
15.484804631,50,130,20,200,660,8
110.4166666667,50,200,180,200,660,16
31.914893617,70,180,40,200,660,18
13.7203166227,70,200,60,180,360,4
16.7207792208,90,170,160,140,1140,20
255,50,190,20,120,1260,15
13.1274131274,90,180,140,120,300,18
25.1889168766,80,90,40,180,1380,18
10.6911447084,70,90,120,80,960,22
18.9189189189,50,90,40,200,480,16
22.7272727273,80,190,100,160,900,22
32.1799307958,50,190,180,60,1140,22
8.7786259542,70,170,120,160,900,22
94.7916666667,90,200,200,160,660,15
94.7916666667,90,200,160,60,720,15
54.4910179641,70,160,80,80,840,16
10.6007067138,100,90,40,160,900,23
7.7056277056,70,60,140,160,1380,20
7.5487701442,50,90,40,160,1020,9
27.0186335404,80,90,40,160,1380,20
18.6403508772,90,110,60,100,180,15
9.9635479951,90,80,200,20,1020,1
405,80,190,100,140,720,15
70.4347826087,80,150,160,80,1440,15
22.0385674931,60,190,40,120,480,19
83.3333333333,80,200,60,140,720,15
30,50,90,120,40,1200,17
10.9489051095,70,170,80,200,540,18
12.5850340136,70,200,200,80,1260,6
77.0833333333,70,200,200,140,720,15
6.3203463203,90,70,160,80,540,23
33.9534883721,80,200,20,200,540,16
12.6537785589,70,90,120,40,780,23
14.3426294821,50,200,80,20,1020,1
14.3426294821,50,200,40,40,1020,1
7.1644803229,80,90,160,160,1200,20
355,70,190,60,120,1260,15
61.7391304348,70,150,160,80,1440,15
9.9290780142,70,200,200,180,1380,18
15.144766147,70,170,180,80,1020,17
33.8383838384,50,130,120,40,1200,17
14.8888888889,70,180,80,120,300,18
4.431736955,100,170,180,160,900,22
9.1317365269,70,180,60,200,600,4
63.5416666667,60,200,180,160,660,15
63.5416666667,60,200,60,140,720,15
22.5563909774,60,190,60,160,1380,12
10.4347826087,70,190,160,20,1020,1
15.7754010695,80,180,80,80,660,18
5.4211035818,100,90,20,160,900,21
4.4388609715,100,190,60,40,780,7
28.9617486339,90,190,40,160,1200,20
4.4388609715,100,190,60,40,780,10
17.5257731959,50,180,200,140,720,15
255,50,190,180,60,720,15
9.0909090909,80,180,100,80,1440,11
7.6779026217,70,130,120,200,1380,20
3.3898305085,90,190,60,160,180,1
11.8343195266,90,200,60,80,240,17
18.691588785,50,190,200,20,1380,22
18.4331797235,70,140,40,80,1440,17
4.3010752688,100,170,140,160,840,20
4.2194092827,70,190,60,40,780,7
16.814159292,90,150,80,40,1200,16
5.4733727811,60,200,20,200,600,7
5.8380414313,50,200,180,80,1260,6
17.816091954,50,170,200,20,1440,23
8.4985835694,80,190,60,180,1440,9
4.0106951872,80,180,200,160,960,20
7.6704545455,100,180,140,100,1380,23
2.7896995708,80,80,20,160,900,22
1.7289073306,100,200,180,120,540,1
3.5561877667,100,190,120,160,900,10
4.8076923077,90,200,60,180,1080,8
2.6726057906,60,120,140,20,1260,11
3.488372093,70,190,100,160,300,17
2.5641025641,100,170,140,160,900,20
11.4942528736,80,180,200,40,780,16
1.3665594855,90,80,200,100,1320,20
2.3774145617,70,130,200,80,1260,6
2.7164685908,60,90,120,40,780,23
1.8703241895,80,80,200,60,240,16
2.0114942529,80,190,100,140,1140,4
1.3888888889,70,190,140,160,900,6
1.4844804318,60,190,120,160,900,6
1.0476190476,90,50,40,160,1440,8
3.95256917,80,90,40,60,720,15
1.5202702703,80,190,100,160,1200,7
1.5202702703,80,190,100,160,1200,4
0.5797101449,70,80,140,100,720,4
0.7957559682,50,190,180,100,540,11
0.6811989101,100,90,120,160,1380,20
2.0920502092,50,90,40,100,180,15
0.3205128205,70,80,160,60,360,22
0,90,200,60,20,1080,2
0,90,90,80,140,1080,4
